0,1,2
3.2239803647794933,-3.3243002546580964,-1.265795378638384
3.1720827406536576,-3.287665779453892,-1.1257221462613516
3.15802839054188,-3.25237003321001,-1.202350240451613
3.0728505494060685,-3.130505221520528,-1.5120337314376266
3.0866076944779492,-3.209385693578736,-0.9319737369829387
3.0701742371920453,-3.247338510618423,-0.5403234985928286
2.9616955786711303,-3.142774157934945,-0.4743436438358074
2.9884463959532135,-3.2122148197809643,-0.2206031288905736
2.824265725682397,-3.016934662424892,-0.10289965321466572
2.7754460775975707,-2.9618725227733975,0.0698710041556646
2.781144750435154,-2.9679678557727818,0.17209499682686766
2.7940242082203315,-2.9931218573761633,0.2684056801922877
2.683727856867524,-2.835191227663376,0.1780919501321182
2.575598071822718,-2.7343114856457564,0.16949321644487214
2.514570018236813,-2.6598115768087216,0.5572543635908953
2.5091307707266752,-2.6554974246197283,0.3677447781054165
2.591014606788656,-2.7501631346091124,0.187992304092446
2.641676240315346,-2.794135956351229,0.003739591693194072
2.6123363797961447,-2.783591215816586,0.0053595027373126046
2.824728550769111,-2.967449860057358,-0.4133135978206266
2.7113231690050115,-2.861089943641775,-0.3930402656613222
2.617258368188733,-2.747875733736302,-0.15505252036594622
2.663386223980957,-2.765097007659099,-0.28736069918110624
2.6233242055822346,-2.714694172794053,-0.41278742732049045
2.6799252918910743,-2.7197004474668285,-0.45507889020674386
2.681988374277706,-2.692040184560533,-0.3242253014184272
2.781176727266708,-2.7697863893778525,-0.5111304258048418
2.8352138192336733,-2.7901562515030722,-0.7989980981211668
2.8626520646600597,-2.82342235305444,-0.9267086311762842
2.913681846183991,-2.871753946202152,-1.1322504275240677
2.8541358399749264,-2.8053555725480597,-1.090098867068752
2.8548956206909297,-2.760123284936741,-0.9580120238466379
2.9818495272681513,-2.8333149223829297,-1.0930959758717504
3.0436236411257966,-2.8855173423432987,-0.8540409325175747
3.1003875693034613,-2.9291872198730733,-0.6910745289964925
3.078384210559467,-2.8971019689864606,-0.9247888351558138
3.188527344817172,-2.9937104303013338,-1.1252110417176846
3.2741311891691587,-3.030527098764962,-1.4888546361189712
3.37370486736766,-3.0666191286228655,-1.8245101441168596
3.4390095114402754,-3.1165169557812904,-2.1432562398217914
3.6950557293172794,-3.3640149309231813,-2.6409412613758905
3.777184815014942,-3.422378108390423,-2.931014704647547
3.7953604068451834,-3.4519404354649295,-2.911922409736708
3.83117687124377,-3.4788709955928105,-3.0627146344625134
3.7821654636777917,-3.4171607974648075,-3.0569467789584257
3.615931886309568,-3.2554639708051916,-2.8903209993969514
3.3465535624616183,-2.9906335270277338,-2.585148106699873
3.3243350026900864,-2.911154680924793,-2.824053944228519
3.4875117556915067,-3.003026326933221,-3.3419575357467632
3.410572942734351,-2.9658680489313483,-2.920892898615422
3.46540593812497,-2.992044126784303,-3.329170415032248
3.4731053424788936,-3.0246278628830883,-3.1630723701665593
3.469300501844199,-3.061590726894538,-3.231051730712661
3.3362678259746463,-2.9264375698969403,-3.3348897325847346
3.3046788345647293,-2.920734065433805,-3.2729798451298935
3.1391833399219573,-2.7683194179079447,-3.22619177379242
3.1242256315079007,-2.7745204738501736,-2.825207972530024
3.09648999125249,-2.7733817791933912,-3.0636085081628
2.997700157276948,-2.70819118951755,-2.9220045762933644
2.9310934460846414,-2.7284886117689227,-2.637116224281442
2.583863279083825,-2.441633190360701,-2.415204482648752
2.5471240316309296,-2.4402776521373735,-2.231982800333896
2.6042552854012655,-2.54347338909795,-2.6057913979887344
2.5081754189924546,-2.478426493952443,-2.3472076603459713
2.7935229084519793,-2.7760929401598093,-2.6001242857197364
2.829126402519863,-2.817543009916165,-2.663451813316802
3.0612659370620734,-3.093686590553562,-2.6112166536159327
3.3982266643515766,-3.414870053810529,-3.224293996299119
3.2747304126750336,-3.2346748860344032,-3.5344150598315904
3.3779268540244325,-3.3284142382934823,-3.69044715422112
3.3488635964602853,-3.2802454941117216,-3.995490148647982
3.251845360782163,-3.1831653080826694,-3.888711885757226
3.245713424092155,-3.1985405456645792,-3.787879341116081
3.2174386865829314,-3.146550865266041,-3.898671845135377
3.2458010036655596,-3.1777331618221147,-3.885857680971585
3.1783501563751915,-3.0978692152240916,-3.955279217107241
3.1758740833147283,-3.0850765995910376,-4.000566112922176
3.158623148643313,-3.050095148040001,-4.000312012160639
3.353218264520878,-3.2250432480649143,-4.296356310810039
3.4089372964765863,-3.303378559621712,-4.17486189331882
3.557091381133782,-3.465221635658709,-4.210034569474784
3.4257633107358254,-3.325385785314589,-4.124601662162306
3.5064161021341853,-3.404534939474978,-4.167414240878828
3.408513705067356,-3.283778732356328,-4.146465195614714
3.499503761489167,-3.3693992525681495,-4.406564738368092
3.443466674077951,-3.33711301918226,-4.186095987687899
3.3714966819509056,-3.2962971883485888,-3.9448245334731786
3.3945231778368665,-3.3530205224740435,-3.8069373034720284
3.420243783761579,-3.3712356554249436,-3.8961481892074574
3.3730643145646058,-3.3291311508893964,-3.808400114669771
3.394584345610266,-3.3555672415969866,-3.7895605593527213
3.4576579601660926,-3.3902485781885403,-4.009753186991606
3.5272221754806816,-3.4516946319462827,-4.151716382755287
3.5690659199976036,-3.4736622277060105,-4.3536759767122994
3.551229664346943,-3.4441025916494548,-4.4162264095837305
3.443876307527364,-3.3419238192040903,-4.220664362752532
3.4346518130902837,-3.353127386934854,-4.083375106657118
3.3931253664159904,-3.346993629919133,-3.805379955559585
3.367971082255889,-3.315079693482243,-3.7925204041527154
3.3649748544012446,-3.3266339226147705,-3.6139938143086607
3.4730781862904987,-3.4235037160384256,-3.8041661285676343
3.4992686812822065,-3.419533924514258,-4.044744447819444
3.457501129552743,-3.367213114075908,-4.064518896441248
3.464341226689785,-3.4069124536941096,-3.8496310078085476
3.463502295195222,-3.435366764478942,-3.626906873931987
3.4720257209941314,-3.442529265846093,-3.637756031771067
3.4492627762161834,-3.4709499723984223,-3.326558953391973
3.447209690449833,-3.528178096283524,-2.9732975798135186
3.5386097249419337,-3.643995456676555,-2.902971416317411
3.5674822560645523,-3.6468031403599706,-3.174634666871107
3.4687140098627167,-3.540031922131821,-3.0647850582298513
3.501829446223402,-3.55804336641107,-3.166741166307517
3.4492213585276024,-3.5086058806359763,-3.1188492509698817
3.3368528708808753,-3.385468100963363,-3.0621203227004625
3.3152652448331335,-3.3543269362997563,-3.1134255151650656
3.327550085230972,-3.367778630926936,-3.1594305933058955
3.3613755988812537,-3.3833093052585617,-3.357673343340195
3.3367671145855993,-3.342709531334575,-3.426441071971338
3.278318751291084,-3.2889863719726913,-3.2962000016315693
3.2659322228365144,-3.2866776866945746,-3.2199168228144446
3.3133774764123487,-3.3424690762116085,-3.2137861206997993
3.32771563837237,-3.328499780738384,-3.4607559635339364
3.335749274334324,-3.3209385818708173,-3.546571939673692
3.2543079872090463,-3.244113904303961,-3.424175058958293
3.225842302185482,-3.254654761778021,-3.1271304224526775
3.2159648134687764,-3.2303824842974023,-3.241589205534263
3.2302844235802612,-3.2229218848791885,-3.3777528894934092
3.2483739881797637,-3.2303707290462653,-3.472408646931748
3.1920638926438762,-3.1593406900215526,-3.5134702232194033
3.137054632513385,-3.1042702494570444,-3.469356365380433
3.107469433970598,-3.0828158492957667,-3.363363113082318
3.050036395748381,-3.021582640255066,-3.326561405506873
2.9396838521033457,-2.912619215189351,-3.1948661090818655
3.0374483826268506,-3.0361740773048074,-3.1388986971994135
3.117223978400341,-3.0996765702284623,-3.4380059630198807
3.0922316701040167,-3.048628386818733,-3.6094666742905477
3.2271604212584206,-3.161748503101163,-3.9282484188377933
3.1880563649748517,-3.1082468882397194,-4.010034514862466
3.0214802052298624,-2.9323343212183497,-3.908554007403405
2.8916716220629524,-2.803184237643343,-3.743393330126057
2.698219542738881,-2.616385926634329,-3.4585526330091065
3.0053401225725356,-2.983336423209753,-3.3943689483314463
3.005269909751617,-2.963285786842966,-3.5426150861326584
3.063930776498263,-2.9745869774463687,-3.9397634774679458
3.141776814116781,-3.0098669520226533,-4.324477421623728
3.070818986310686,-2.9425206552715046,-4.20447585823768
2.9513839663770405,-2.8286458177063807,-3.9684903950016137
2.8134405115496,-2.677553586383539,-3.932683813853816
2.781870115418698,-2.6603843112012173,-3.8129879055401275
2.6750372388518793,-2.5912344507670135,-3.454872869468274
2.6377124379795136,-2.5728596065016975,-3.2887749318795274
2.6972415354315404,-2.5970406833848885,-3.5457392551447247
2.7411002413527648,-2.6529936956923237,-3.5255867426457415
2.65996422370452,-2.5752458411497017,-3.436516726214904
2.6241348148033135,-2.5374447325355005,-3.4270021306880816
2.5521418438450625,-2.4592520662171977,-3.3259645179203376
2.543743701454722,-2.452067113247356,-3.3162937145307225
2.310060567550887,-2.265203471288761,-2.762009942477777
2.102672005778537,-2.0677445730203936,-2.4793940272365984
2.141037759129398,-2.07886486187976,-2.6479898947497906
2.0991535444012137,-2.0419320291837635,-2.5832073833585656
2.239791934766883,-2.1726262987718137,-2.7840372211477047
2.2186146634155817,-2.154748564925476,-2.745604350694571
2.2306892461850456,-2.155327902106336,-2.8314854504055305
2.075779127681484,-2.002669756095668,-2.644493434734663
1.9500369030464715,-1.8840746903817227,-2.455383676571191
1.9642306725100878,-1.8933301908444677,-2.5057209626707175
1.9008397758221622,-1.8480380569978268,-2.3086681830804707
1.8731683324968667,-1.8183163760184926,-2.2274902152687077
1.7086624355586482,-1.6699555888023891,-1.9242797612301696
1.6729189531176498,-1.6359097486482688,-1.8728682059696387
1.4760217465986385,-1.4443900331930997,-1.609420923087609
1.458173660709951,-1.4282403602805906,-1.5859022030935956
1.4642231326333321,-1.4369357540198051,-1.6796220052067499
1.4293219337756238,-1.402033312725954,-1.657306490994989
1.411822672120918,-1.3768559259767044,-1.708091240248811
1.5130256551714227,-1.466980255109156,-1.9139150025534117
1.5347321905712596,-1.4467866701140166,-2.175056115368248
1.5368234254907058,-1.44381407243566,-2.2697603058090614
1.4000398802544107,-1.3094595334202734,-2.0853110602005764
1.5730198458821305,-1.5420991053741013,-1.8740856331664733
1.7329490161080114,-1.7406747809040308,-1.7958849249226352
2.138857030822808,-2.2265725001103664,-1.6669175046638263
2.153588425033146,-2.2096692468808286,-1.905177979776607
2.0854371769389632,-2.128803442799614,-1.9109576188775768
2.33926085147594,-2.3357409175456287,-2.5285812397983705
2.3398205808525168,-2.3319956429552633,-2.559409594047813
2.2482367620901456,-2.219696000553433,-2.6035633107649807
2.5665102798905473,-2.5869986342164433,-2.5950054777193263
2.7132286842709523,-2.80786834691882,-2.090586323479106
2.598975427782142,-2.784967697363892,-1.3070518175225354
2.450099789522292,-2.6952242162101236,-0.6707404380431146
2.6838569033903297,-2.918252196685808,-1.0043615903493914
2.6021015770892633,-2.768042089752154,-1.394361394931001
2.6125410921468717,-2.758018180260942,-1.460850955147144
2.6237669001352524,-2.760494383161319,-1.615169165123463
2.6400324442207466,-2.771851986315959,-1.748826777783181
2.697761120748727,-2.8753629343611604,-1.4832418314819944
2.772845856027144,-2.9057916419687335,-1.8958185809940864
2.92651780049343,-3.0785430308138237,-1.931750997833385
3.0016348911844335,-3.2030828618737353,-1.6679580802025942
2.6802266521796962,-2.8401212654882766,-1.6612227212817485
2.7304613388386882,-2.8616663496384787,-1.9347051536234126
2.6891876419137106,-2.816724140254131,-1.9306720688294723
2.771851767793305,-2.930718864466163,-1.794531310145614
2.6555820874332485,-2.7778103851352496,-1.9226609808911699
2.760417612254918,-2.8766822589584424,-2.072238423757658
2.7342953686541245,-2.8517979990548117,-2.050932931816093
2.783244418061279,-2.919596939047771,-1.9565094556456395
2.7598847876933785,-2.8962086684403325,-1.9390210962317644
2.760308040534116,-2.8485125865127685,-2.260898409652269
2.848788112771148,-2.943300788620304,-2.3306616473246646
2.884892971823437,-2.963184517148611,-2.501236267396587
2.903807413826933,-2.9433737380526894,-2.7770254493172546
2.8957573581179057,-2.931222752054851,-2.7887850815616875
2.815857357559496,-2.8386800903722307,-2.789197996358609
2.983674675502146,-2.997430042015284,-3.054523082245551
3.0083314187035524,-3.1175296279752893,-2.436412624015441
2.967683494652192,-3.009884456775423,-2.8778584104688045
3.01123398026939,-3.105040354490624,-2.580113771922405
3.0141926694282306,-3.120084460716282,-2.441719031320596
3.0122878001460447,-3.1340001043047274,-2.3123541422058973
3.273678211150297,-3.3900305523778633,-2.646948885648689
3.416754678213554,-3.513333323249124,-2.9356912551656427
3.3309478191374486,-3.4365160497926173,-2.7859101958337344
3.334503421156056,-3.4578417434654964,-2.657022382610797
3.346344699877735,-3.4268228300056505,-2.978979822242584
3.448725912607771,-3.5225894785653784,-3.114168286520867
3.38233252210484,-3.4411498937693312,-3.162621940733452
3.2741384049505333,-3.378934139916995,-2.728549235322052
3.3799994881708333,-3.5130491615974355,-2.647282461967844
3.5003421241685793,-3.7069927421881985,-2.1256938170424737
3.5260444234251684,-3.791565832361471,-1.7085034448167684
3.5776266607695755,-3.805203662412686,-2.0073920780868058
3.668747226626122,-3.8364653120476664,-2.5281340839524704
3.736111282728551,-3.903203054492894,-2.5826032452326584
3.7188517228078757,-3.8624606870628457,-2.7039307663134324
3.7213595871315297,-3.8866111482028503,-2.54669795927502
3.857405653562148,-4.028809510498913,-2.6538658122481626
3.608024555466443,-3.7625049574778697,-2.6595176612348075
3.490541441990679,-3.6069562397762485,-2.7967998898707824
3.4551169500611327,-3.5785528711104364,-2.7083884683147823
3.472531865909467,-3.5945658066811883,-2.7455934166519707
3.334642420652436,-3.449919760921645,-2.6568730277029204
3.3017443530084187,-3.401130175091808,-2.699535687874784
3.3247239261449795,-3.408854091836501,-2.840103682297518
3.26042056053962,-3.3124155920963583,-2.9945300934625796
3.3347094901625205,-3.398797135514839,-2.9349125233545794
3.4993104375469013,-3.581595018463165,-3.029743419074016
3.3663273596082863,-3.4132184505995573,-3.147386592051971
3.42917394340102,-3.482210695531201,-3.181837846928294
3.4587667511165776,-3.519146063689059,-3.260501027706203
3.429513679357982,-3.5171798225599016,-3.0529478907825958
3.4064490395753886,-3.485698331767216,-3.1108913259562785
3.3442437636392928,-3.4089854806674227,-3.1601929565273954
3.4104399005834165,-3.464880184142999,-3.3218778102261175
3.3405890881058924,-3.3901980442582365,-3.2704643451415416
3.351131171546586,-3.3653933255799253,-3.4976517779775125
3.3051341648359114,-3.341791821574173,-3.3059198043885027
3.2784998410880046,-3.3034579240341,-3.374826266179359
3.340064784901979,-3.3964208271960685,-3.2387873092741817
3.323529373377929,-3.364858004521957,-3.3097162911598255
3.339137139938693,-3.3620557275573413,-3.431779613619057
3.3366406849119628,-3.3415680527150826,-3.5715091934446144
3.331590733906345,-3.3205843326944278,-3.7021051350354033
3.1615064507325203,-3.182112337060126,-3.276077320904961
3.2432355217293694,-3.305458536923927,-3.04187483764278
3.354958106672715,-3.4133340011940487,-3.2167030802125827
3.3861733477977367,-3.448630923886436,-3.238803637653695
3.4261552594468285,-3.521429834771682,-3.0364643370872293
3.3601297608317604,-3.4524279129637754,-2.9843852703963707
3.3211144738241214,-3.38836546271715,-3.10890402585395
3.2979770583831556,-3.3389862518383495,-3.2755954626967805
3.269391553991903,-3.2865081875524154,-3.411660390020526
3.4021298157593174,-3.4084941452235995,-3.6419216221842783
3.3282072541909753,-3.3101868059881348,-3.7069706871840986
3.3025564419627944,-3.2808715377776108,-3.72870457559547
3.2671572638522424,-3.2304445485977267,-3.811280043773522
3.3135773332806484,-3.2510741707217203,-4.019182999223052
3.404185700916576,-3.3459227333810833,-4.065191951164429
3.3195198248719704,-3.2806759054432493,-3.8597317085515446
3.2757102165769183,-3.2370098570559596,-3.8265570825967146
3.247768431311302,-3.191169735113339,-3.9050253579939773
3.279310700446137,-3.206918529761656,-4.026336602773071
3.356593866000211,-3.323517054206381,-3.8521114887118264
3.246443724938678,-3.1873908312856813,-3.920781697949871
3.201582474922601,-3.1261765765618423,-3.969708737543069
3.3286645957631023,-3.250012518050805,-4.132925260397359
3.39331946341649,-3.3448545092201094,-3.984431129095214
3.417674814358729,-3.337366337160036,-4.186053662944357
3.444450163301158,-3.4046072714881914,-3.9641847315698326
3.383996061450998,-3.403506805434998,-3.4808915087102754
3.3761329727198772,-3.43336058504986,-3.1425509628956387
3.4213608896677696,-3.4674705539921047,-3.286796616895136
3.396445884668338,-3.429870341385146,-3.283279712183718
3.337320343307987,-3.3203667422817364,-3.6039472139127313
3.373046621723179,-3.368847256233447,-3.578296512371586
3.3399035155437136,-3.3513992653612386,-3.3746659954089115
3.2764634871805978,-3.3077143141134555,-3.157816114089365
3.211477748888635,-3.313756612271572,-2.4738411056046976
3.1922534840235106,-3.3163059091375624,-2.2266875597389415
3.3199980484521228,-3.45184631147408,-2.223757832611668
3.1229625137083468,-3.2388699122862263,-1.987856152279191
3.167609384494588,-3.2455677786267674,-2.132835601191725
2.9290958487892285,-3.0750473995150096,-1.1645487737210076
3.0539649021079334,-3.1772609803706486,-1.534691245625118
3.167203576418211,-3.243289190201964,-2.2349258170653914
3.2052740816264054,-3.265732797974899,-2.4679232832456255
3.199346272588091,-3.286353175773207,-2.2506975169716066
3.17155184082815,-3.29125511894738,-1.9661676601444884
3.124877373198097,-3.2483078397005505,-1.880308033950195
3.0715547896092863,-3.2187211805923477,-1.6223057775922374
2.96938533878308,-3.0978583775492954,-1.6486901407318368
3.0340516650944007,-3.1237847375194576,-1.9919980325083149
3.0149880119316963,-3.121952833624291,-1.9312878627949754
3.0696543246683916,-3.1831890985245774,-1.9456005995242305
3.059870708971675,-3.1965806584591467,-1.6583677344565502
2.9989461716140147,-3.1820302966213023,-1.2331243570771644
2.864758425177555,-3.079665143095128,-0.6826930988946222
2.5618813428467577,-2.7423237106489537,-0.2889897004186737
2.6668341905568718,-2.8574930358636776,-0.178758711568671
2.741367370630588,-2.892490611681989,-0.4328119523671119
2.751552212819626,-2.898245161238902,-0.3698971257176074
2.766785615284634,-2.8930924346611646,-0.17958884031596528
2.6284393743509615,-2.7759354057678904,0.2278052335200393
2.5651500796361897,-2.692876864129401,0.5089485564337622
2.8144868921283708,-2.94822962539273,0.39759524629368603
3.0304137174806907,-3.1558121569891457,0.1736585018312108
2.897708675752723,-3.02893008551007,0.255287425096166
2.8658325839412178,-3.0166408203038615,0.36294175184352523
2.887137387914644,-3.0488283937282814,0.30187992813085807
2.7954865952715364,-2.8771537068345747,0.7777156436712291
2.8282063974614307,-2.825787121292075,0.3467421015543522
2.845633203358346,-2.6606859242971868,-0.15517544816660916
2.9302047036799594,-2.6828562813798533,-0.3282844284804498
3.0397102012898616,-2.8667814102511042,-0.8399399113264512
3.1074366171607823,-2.861087826982678,-1.0792517716157601
3.07271600950958,-2.8146309044083324,-0.8300275349536721
3.0632901942508277,-2.780339088225913,-0.6357506827592344
3.1018851213192327,-2.749665711587959,-0.5533119852266754
3.0845358172883364,-2.7408351762238685,-0.9554426097148317
3.1306114917408556,-2.7987004381143072,-1.1192188582982028
3.1718015445790537,-2.881325145531547,-0.9062603313232531
3.059206593856678,-2.766338055743787,-0.7904881730756532
3.029698771989888,-2.736650754148547,-0.8324988926024267
3.030373108933953,-2.7488767289228795,-0.7847047663382563
2.9650662202102835,-2.774414631390441,-1.109365875430665
3.0589776800080335,-2.8110693783399885,-1.574307391157613
2.9965285722724473,-2.7441998014460727,-1.3000857500356948
3.031451934566422,-2.8142336274120647,-1.5400422133286238
3.0663990899861737,-2.8537480686657735,-1.7338147593587778
3.160938617114218,-2.9236605544684133,-1.840218873364845
3.2440830896754447,-2.963112795002749,-1.9782247932541812
3.1984212828567395,-2.865248971577217,-1.6997711173928893
3.161631724166914,-2.7513233453070205,-1.5568943482894326
3.141490183059411,-2.7350780309498375,-1.7191170132850757
3.111793576033213,-2.699082023250136,-1.8038024340110033
3.1135216338413567,-2.6542842609038617,-1.9285106333009634
3.107818620471072,-2.5953448125140097,-1.8639903088704952
3.040226998707304,-2.5307933916424052,-1.9063866786725376
2.926355562687953,-2.401607446575922,-1.8635984963303445
2.827013526228133,-2.3050274225247134,-1.384032536317155
2.854104313777889,-2.3488809713608476,-1.4756292649277114
2.7937160290538188,-2.329675507406616,-1.5192430088904105
2.8281418948164228,-2.386923272931784,-1.2585960414366024
2.842986263424745,-2.3775733514458937,-1.1677190738311636
2.919364429685891,-2.4533114337809123,-1.2403684183484178
2.9284956282649404,-2.4878642233086508,-1.5609081556805848
3.0003889829168413,-2.6031458346778167,-1.661751551358934
2.9404061478933214,-2.5754520282413234,-1.3362688633136965
2.941026398514764,-2.5571822481903776,-1.445083981796448
2.9432986005049964,-2.505944665946674,-1.4157937907124536
2.841429367343551,-2.3035878132783636,-1.4215588269447004
2.839904460410593,-2.273715964336948,-1.5538161225017673
2.821708227214873,-2.2591766959375748,-1.719906427078832
2.9025412510525097,-2.360721781679436,-1.9733768023935434
2.8416887150630195,-2.312238826009182,-1.7377793280918121
2.91174679510091,-2.3948790993871936,-1.7268949421798574
2.91225076068085,-2.406198386380126,-1.6271994674821382
2.9293848577878765,-2.4054258711264063,-1.7065319932026173
2.868418105333532,-2.355933421137597,-1.4443925518468967
2.8251117446648566,-2.263838075563087,-1.5923252195038238
2.8470054100743187,-2.2655109725063167,-1.7095706847763774
2.8683796417093803,-2.296917300998523,-1.6545254342208138
2.831094399387062,-2.2621583596288866,-1.5873766525420887
2.8505044446621834,-2.282724927781285,-1.299093517382502
2.78316257312397,-2.1795647635627478,-0.9704879928637677
2.7954960461659826,-2.1888541668275088,-0.5976710819840099
2.9626814053335346,-2.347349940380388,-0.7537762982421522
2.9663052819004214,-2.3392643613948425,-0.9134380841977247
2.9287271120647955,-2.291047649264122,-0.9709761033737029
2.9610547479354965,-2.3198501074566864,-0.8355074769716226
3.0136295685216554,-2.3679646206849285,-0.9249446932997356
2.990125544768153,-2.3328049741826993,-1.0786525795501087
2.9232612435026866,-2.256030387199185,-1.3680773428784465
2.9573941068629352,-2.2851013521627497,-1.5145975049111176
2.9541670646252896,-2.2814125670103005,-1.7915147813197538
3.0639679783513056,-2.3923224654379798,-2.671556847218143
2.968309031969898,-2.252481030967006,-2.354107943487573
2.993973657676429,-2.287810115590257,-2.322919467831301
3.0081588170194893,-2.3267891103447083,-2.450034823713193
3.073295586319578,-2.3820113852710723,-2.7302085184924674
3.1402095902228777,-2.497222638188399,-2.407910071407494
3.1115540873951986,-2.4534144624706116,-2.3847767414931673
3.106196294691766,-2.4718618786185007,-2.268877465382984
3.1373734180645143,-2.501043738410361,-2.292787828727409
3.1687794121060193,-2.491264844189897,-2.7228204464213643
3.2339795202938815,-2.5449450825549977,-2.916536661156272
3.1610750050154692,-2.4825953919627195,-2.884117593444116
3.143599578705458,-2.447491132568629,-3.0455215348728437
3.09181668518328,-2.402177988212588,-3.073356021787788
3.02525716270229,-2.3426334362537475,-3.0320962508355334
3.144115700390304,-2.4611464031896517,-3.1575900880084746
3.2141777118342,-2.5869874936511796,-3.0146994240771092
3.241240589313656,-2.597285948344787,-3.1540950756209005
3.250385624479324,-2.6038663155412003,-3.190425157268008
3.2186981351288813,-2.5640491137562993,-3.2450474579491497
3.2308460618981623,-2.549502340989324,-3.462195998334418
3.355859793166808,-2.688412261357767,-3.926592620750598
3.3247388174208683,-2.654789392603564,-3.942465949090429
3.3917428357291857,-2.8005464478126463,-3.74887252240587
3.3257465410213887,-2.7511899796193817,-3.7139166468379496
3.349561836586534,-2.755344228501538,-3.78053057890412
3.3042990644619725,-2.7058672157226447,-3.5483197623138523
3.298516100708676,-2.679462827487138,-3.54008334737004
3.2683256871463118,-2.5991974308812344,-3.8663802412742783
3.4631313701393367,-2.7712598039708407,-4.485586679566376
3.6313927788325655,-2.824472694429246,-5.275082125050393
3.517470778417458,-2.7135104745986895,-5.112175109041271
3.544511834583234,-2.7254792724881507,-5.21520170253804
3.523692875836596,-2.747489422043567,-4.924309990749375
3.5702679396854626,-2.7929573136042753,-4.844956919616713
3.4987732502250406,-2.774165911978029,-4.412270855917657
3.3351427518205767,-2.659028004739261,-3.0517281373894827
3.3315735298952833,-2.6806694673137113,-2.9526172883069406
3.3039192247686846,-2.6412018369326984,-3.1516379406120474
3.223260491485561,-2.5692554886776797,-2.381885222164585
3.2943880556191707,-2.6689220613868105,-2.2928273239630856
3.214521751895208,-2.552384523301552,-2.176253841774506
3.2739239131448667,-2.6483790653099835,-2.2053041741399464
3.166132052971421,-2.522198055781954,-1.5300732865967541
3.2249344113982987,-2.6012690889001497,-1.999533961205656
3.2111482855670235,-2.5399281453809452,-2.6035340699407086
3.1947303091060166,-2.498899985037871,-2.6112391882262043
3.2739609824551343,-2.5663955677335246,-3.0421053317022286
3.372986664224188,-2.6518105970607357,-3.4425582735973275
3.3317889454941017,-2.6428054195364648,-3.1873070887763255
3.3607801543812856,-2.6272924849214685,-3.5073453293475585
3.2856800790853127,-2.5524157072816305,-3.7000184271632777
3.230729054203783,-2.5223358501451227,-3.5951366389282935
3.355042724057315,-2.655530675318419,-3.808527703363455
3.31845736712198,-2.5757338991327776,-4.005995256028812
3.2829207962260174,-2.521872685619776,-4.0301783379461
3.2152780864483295,-2.542856757871421,-3.341649625334761
3.1226627497200017,-2.476907163324007,-2.8076191253867737
3.0776164117004536,-2.385127869700209,-2.939009315988061
3.26418612643613,-2.484215082676649,-3.6536554738890006
2.907874726609045,-2.059459294196655,-2.9167246158929006
3.1927447888370764,-2.456527555308178,-3.0148532577945684
3.228858283581872,-2.464327445387011,-3.579512729087227
3.2770975998143532,-2.6801652269096556,-3.7439889341671138
3.260691910424713,-2.698983017554194,-3.454193489613317
3.195618607296282,-2.6298133887571473,-3.5413106449710594
3.251374730402071,-2.630188224420416,-3.9996594873537266
3.1948326517426016,-2.4696876506581775,-4.113111814838448
3.1570595521109555,-2.478431215638645,-3.9566608284901967
3.2970868872368047,-2.6146128161094975,-4.3583241177202865
3.0394796539234137,-2.536251202670304,-3.841433123922646
2.656117393585329,-2.2363852640142126,-2.9945518862840625
2.561872412414805,-2.178511792662857,-2.8304628216197267
2.7962442054940375,-2.5096349523904804,-2.898468207114912
2.8184404511577976,-2.498692615690482,-3.1799421041687688
2.8799944630816245,-2.546757360983441,-3.391380299030943
2.8223051865420095,-2.463255867910663,-3.045184744207611
2.828452980979727,-2.4813911884560325,-2.8458839560247977
2.7637851860887905,-2.3717266421014522,-3.0658050336919596
2.8293439253817603,-2.418480526929022,-3.2702097533775705
2.8889889286515236,-2.446573470517949,-3.4354853686361855
2.8245671536648875,-2.4679772104433515,-2.973533417953733
2.83867062425253,-2.4880797491657307,-2.97139648083321
2.9401977530399215,-2.5484267925168185,-3.4294712895389745
2.8662859910647973,-2.5485535132734944,-2.893304286548422
2.9161021248950507,-2.6495515941737136,-2.6461534098960304
3.040227412804575,-2.7999607269391635,-2.582473251138249
3.085532078740712,-2.8833953889795256,-2.6578907842260975
3.126958506802107,-2.9101201110615533,-2.8393438539130647
2.97937295624664,-2.7573219658176313,-2.6803740079595277
2.9974631290947227,-2.807184166014676,-2.452977140072377
3.0443160952153145,-2.8849354705753325,-2.5400358664245344
3.088673312972482,-2.9833517298217784,-2.5187182038909786
3.086144870305014,-3.0414759932025994,-2.2529425490601964
3.1349824247478435,-3.064389060166767,-2.4481874519617026
3.1430882666278364,-3.059227505883898,-2.4038450020838456
3.097877796174608,-2.980068303594328,-2.608392265357989
3.131143600014847,-2.990920129148194,-2.916338693609644
3.0816550073507,-2.9363663099185535,-3.08422139804207
3.0837665796153173,-2.9202022663140097,-3.222937930090298
3.125651441571002,-2.953542533365199,-3.2316131015521736
3.324163776342744,-3.127427195530414,-3.542499417141255
3.3227731748998512,-3.1243734556270395,-3.463222509288628
3.262716327419752,-3.118160815926875,-3.1409688724511886
3.2343246373936343,-3.0924537503132847,-3.1557693750693825
3.294728771778059,-3.0895443865682246,-3.691214380815907
3.2230487592445423,-3.02831989308378,-3.554873198484446
3.1607797174831957,-2.967948052579679,-3.440264534842438
3.2149600243672265,-3.0104757070423016,-3.6713533521010366
3.169407913658166,-2.99513384691022,-3.384608094852131
3.141065086137923,-2.9531208031554304,-3.457366498502027
3.200954926367772,-2.962587656207584,-3.8041768639788796
3.1389608209263,-2.923521396560678,-3.534599634785007
3.2561637821418317,-3.0454571362686766,-3.6308982657202034
3.2148421220870267,-3.04224102664074,-3.3173561164288143
3.196717415975637,-3.041414635573171,-3.119094684554008
3.1458796870416306,-3.0156105344753232,-2.8221937510424366
3.197894850252975,-3.005707824287621,-3.346695504919559
3.1524914193332463,-2.9317741356882925,-3.464181396742416
3.1262524385845256,-2.8894599019559264,-3.6211638802612462
3.1942678377381206,-3.0012803597661035,-3.7466388975532245
3.306136793399992,-3.08974940246343,-4.010093259327525
3.3555725565234362,-3.1110435104211906,-4.319089560945176
3.3830133422716884,-3.1459080864502416,-4.289204414517286
3.369560574245808,-3.146126370678314,-4.219066507292663
3.376042534282235,-3.198964514193322,-3.868406006844963
3.3159135128666692,-3.130457898450332,-3.828252300741168
3.3559697585909714,-3.18692697393665,-3.895490150080354
3.3550424535199337,-3.1732255865001964,-3.9765060447740397
3.357784971198695,-3.2158563958328696,-3.7641287647561086
3.382854988447857,-3.2182534001622836,-3.9184293661741005
3.4281150811578196,-3.2575091883635494,-4.0349502751556505
3.382360389213357,-3.189579648720428,-4.09122988712543
3.442568691405025,-3.2320348499922185,-4.322982201553679
3.3941349994911025,-3.2012085168313176,-4.105280080854494
3.3996579212495615,-3.232568420010227,-3.978832729078054
3.3326507475350287,-3.1831715662431925,-3.732441118895858
3.288394773714668,-3.1270195599796944,-3.726376754817247
3.244094851187633,-3.0967091014833983,-3.53050343712028
3.3003888703983133,-3.1316731362770596,-3.7830014323725596
3.2624947246285934,-3.0658795434820485,-3.8881355508070854
3.1978735046372564,-2.9988462094430957,-3.874281780237934
3.2282359268819794,-3.009140303679664,-3.9998975935548224
3.28533386559448,-3.068887425603357,-4.07691086327829
3.1837835415996807,-2.9458472116123553,-4.082994697112982
3.1415848994794153,-2.9157412867772483,-3.992129226621741
3.203564031483083,-2.9536935485642437,-4.180471383040182
3.150539079172765,-2.8915867123624617,-4.136832068701373
3.1459424455029588,-2.882971265103104,-4.208708404630844
2.9992733969828445,-2.728704667704523,-4.059308454075513
2.838066148465593,-2.568189163494729,-3.916945285620837
3.019030399935395,-2.754628663340926,-4.102888698934408
2.8673903685863302,-2.606283444948212,-3.9446974433442854
2.8267939010101775,-2.576150050656812,-3.8507886790120773
2.7368811802876856,-2.4888010447734987,-3.700932210306641
2.6535691484134345,-2.4246541122525938,-3.515019408654058
2.5416613641793546,-2.307050974526211,-3.463824943871855
2.5177547492713397,-2.2831379105290677,-3.551218777506107
2.724693948447108,-2.477817005532086,-3.833423053868777
3.0064280409229496,-2.7651652403888387,-4.146002192805854
3.0404662292911127,-2.8101914047429695,-4.065881178193025
3.035463776804607,-2.750679910447111,-4.385976451349354
2.8908449715606612,-2.5902827548355023,-4.369374052991754
2.8996739611796007,-2.580201232922205,-4.536203472442122
3.0395589506721588,-2.6694282455608773,-5.054390842412397
3.125955878448332,-2.7480886012584564,-5.2122782136663215
3.077172190645301,-2.727481195209795,-4.968762242097125
3.1033286149398793,-2.7568193089799715,-4.910336615430596
3.1179872496834897,-2.772210937549659,-4.888892697793905
3.1510372473215105,-2.832059551884872,-4.745484473875811
3.152088587570088,-2.857276916760933,-4.4308012138568085
3.0429224364459806,-2.8182326286066948,-3.7286786933626064
3.143957277659721,-2.898893856838851,-3.942661114525477
3.2088988609722495,-2.966195275659324,-3.957212201732477
3.067031527283093,-2.832838323047738,-3.740716098838228
2.976739669762982,-2.762213180684096,-3.5110394885201415
2.9392129173291006,-2.7112647735984474,-3.685724304837696
3.0329826624633403,-2.8380790084439447,-3.581856994690802
3.1442719301719957,-2.9334319416931,-3.8247718027342463
3.1095941273652437,-2.901888465201205,-3.6913116367510126
3.087332979781777,-2.8739452049636216,-3.690323439401785
3.0606438612452145,-2.903105043293984,-3.277062259352486
3.00298079814831,-2.849895579434017,-3.019508253353779
3.0529138815626777,-2.889349208208884,-3.14011431666487
3.0227917807710267,-2.828696855422782,-3.2966387228675007
3.1151628544856123,-2.9155799641188227,-3.404721340575879
3.1208782329099636,-2.8942634043394526,-3.6495007096487853
3.210198619145907,-2.945257947447051,-4.033402573620903
3.1878633402300123,-2.9464048932541216,-4.006502457012986
3.177547338215615,-2.9718633041186093,-3.7440678496135833
3.2601673830267885,-3.0794312346244053,-3.652199606774241
3.223036939451684,-3.0296984135137817,-3.699587877174879
3.1043161147787797,-2.892983116695223,-3.7027813872370916
3.15732735261865,-2.9111783837203187,-3.9162934842602803
3.1165175794669575,-2.850844087700369,-4.0894782910696685
3.010680226266082,-2.7489309175927223,-3.9368531717614066
3.052619032680584,-2.7809532234482357,-3.987758190598915
3.0019408343747798,-2.7321783400532937,-3.9102745928564064
3.0462077976158843,-2.7921380034295593,-4.011647643263814
3.1164282172064413,-2.8545817037489356,-4.143800154158418
3.106161051836599,-2.835672301316799,-4.201239643333183
3.049507577456944,-2.7943008993173732,-4.112673989237775
3.0344827603378914,-2.816395176395322,-3.908733786588749
3.120417493998962,-2.912622248674822,-3.9071027706970707
3.059240275219782,-2.799717656940988,-4.145589955866127
3.0380710264200794,-2.7883349313014425,-4.069764045831876
3.059875185238942,-2.793152432184456,-4.2293129747350005
2.928199759546681,-2.6595173527409717,-4.146329325859831
3.06092728621588,-2.7855431521675125,-4.323774135935826
3.0119759685358884,-2.7133707917874146,-4.45698871698406
3.069345962547192,-2.7892743711132537,-4.406600186402415
3.083145133022676,-2.807199593302314,-4.392891459236505
2.9708275876806116,-2.6864294419173005,-4.319958601270528
2.8863028754979942,-2.6265621071100274,-4.1185342936121705
2.769748465026798,-2.520656917973583,-3.898767156677473
2.841167010999397,-2.605267834433776,-3.86886530689832
2.8426511505874608,-2.5816592841560677,-4.022202970218314
2.8452708945422356,-2.600641166425116,-3.885910676524463
2.910182949164071,-2.666483457749711,-4.02423726453319
2.907136302172702,-2.671111174749842,-3.9507696172526394
2.8727497563434228,-2.6139447009320396,-4.056369075451207
2.8299332041234724,-2.560012261415038,-4.06268724722672
2.87723347682337,-2.587761590734372,-4.235904894651053
2.863272119682929,-2.6142190251875514,-3.928711481898794
2.87925350372605,-2.647006411084827,-3.828453023733013
2.8168484636747912,-2.570587434120123,-3.857831548998241
2.8346512601209866,-2.573615183953662,-3.9974299796480373
2.8292026995373467,-2.566124913680092,-4.0057354486059635
2.811411615184605,-2.5505556952128776,-3.9704829436555062
2.84765502386975,-2.582270649705034,-4.042318057817972
2.878871663486277,-2.5986207737357607,-4.173005915908514
2.883437025897901,-2.6030178192536133,-4.114232714834357
2.8634905703560003,-2.578950598035989,-4.137358427279708
2.8346014539126267,-2.553311678587678,-4.106996052801603
2.8891059315115184,-2.6218603835687935,-4.08493613456363
2.8618686949685714,-2.59736086412447,-4.133144467475852
2.90127245787657,-2.64513388247958,-4.117962469571633
2.8956332730962235,-2.641281963824442,-4.0991820812546
2.9220186990198624,-2.6518469377716016,-4.214973254505768
2.8992082229153917,-2.6826220972824055,-3.830013516148564
2.8724383495376955,-2.656627820580303,-3.819363045313683
2.8672353830420523,-2.6321621385523444,-3.932526452789537
2.9218582765446923,-2.671102872632913,-4.070433538646779
2.8648441655816144,-2.597674658358839,-4.146976152147129
2.89841712418689,-2.6208544271537164,-4.273270128667525
2.878928919885911,-2.583376141553715,-4.3617038997169715
2.839095346390429,-2.5524105483910606,-4.25545657332534
2.7980429257369037,-2.4990119895550964,-4.280469283533693
2.6630811492505404,-2.3790400729523262,-4.050522994459895
2.827861307548287,-2.550608104420379,-4.201238086195025
2.7660441439332106,-2.46306599663206,-4.337815880567429
2.8662511602338316,-2.5510370610849544,-4.550666249594422
2.928124967912458,-2.595338355576506,-4.677343050193137
2.9405223051355014,-2.599385617566391,-4.765888828785974
2.950754431169288,-2.6110433521977225,-4.783443515513098
2.9303990357842107,-2.583855021780095,-4.83327310281224
2.8323110264951015,-2.4858635952938544,-4.740450884700423
2.753033952786625,-2.4005349186512737,-4.63842868606252
2.7945576359748956,-2.444545259975195,-4.6831174014375065
2.8207273438076554,-2.4659723782417853,-4.761575792855831
2.8741157489632854,-2.546292201112855,-4.647847520988909
2.852457541653101,-2.5526304384727005,-4.451823683758036
2.9234665989209967,-2.6063653198146293,-4.659636927030818
2.9285522337246923,-2.6047477321158135,-4.720422899149252
2.8952254561942703,-2.5728124909780763,-4.641331068053617
2.914509960520714,-2.585114548715831,-4.71975855146982
2.941858678759897,-2.611522261254863,-4.756582950915794
2.914509515274256,-2.5703693965708627,-4.823219099455317
2.9609889654890353,-2.614947789397395,-4.88792393031222
2.9730619822621205,-2.6184541147412066,-4.961378998285327
2.9742594763293027,-2.632152507832462,-4.874981212312238
2.992328762222823,-2.6407498266943046,-4.977666538711622
2.994027780057283,-2.6475221686629946,-4.919569449144255
2.9729953763228507,-2.6101015363018014,-5.011323462270069
3.046561756474369,-2.6665447986787365,-5.220895512632281
3.0473594467480645,-2.6743979897759678,-5.188520138400563
3.042928063082201,-2.655630362742653,-5.276098231491599
2.983036016055533,-2.5873304846835494,-5.244536603187512
3.0610985650011933,-2.6702547736887494,-5.312931082702723
3.0132963874116805,-2.6422699859676153,-5.13729887540946
3.0621231889459075,-2.7103338947055784,-5.056271445720521
3.060839357847843,-2.727657352695496,-4.899909494342131
3.128108265894245,-2.7837858448844996,-5.149939049524788
3.1388580310614516,-2.7788429306328526,-5.353185725439595
3.152884426944692,-2.7736519658312018,-5.4954081568572155
3.109350847182284,-2.763522540371114,-5.253535033598055
3.1324925679106292,-2.8043750304882544,-5.284841221002281
3.0290997145115495,-2.701684169350075,-5.076283158196256
3.0051611129373423,-2.678174840782059,-5.087436657336936
2.8048431670397673,-2.481257914081494,-4.874698198440681
2.787191509740241,-2.4762426482085904,-4.888380082208531
2.8341238834089855,-2.5054534151912007,-5.03209917843961
2.6341813776187806,-2.308663659419552,-4.805268669970896
2.4590001644018846,-2.163641288837805,-4.335056663070211
1.9015209458191247,-1.695576724740476,-2.896569317227268
2.4653623984612496,-2.1838249921966018,-3.7413055254185767
2.482513220911518,-2.1683943810144526,-4.045763091678681
2.573278412270537,-2.241888786878034,-4.251008171302429
2.552218653206461,-2.2089921244966484,-4.375809413814621
2.639927116133724,-2.3507559868734895,-4.06093388252214
2.684857822155705,-2.451581333078155,-3.7021124489293795
2.7126083116825668,-2.500746501104184,-3.566259721670051
2.5383694236118406,-2.350793133378992,-3.187031407347214
2.631012688785551,-2.421050430505132,-3.5683880476128875
2.6560915709902915,-2.443634067481448,-3.6136028323500273
2.7796615517830663,-2.580234677093888,-3.642468333333689
2.7167602029391733,-2.5003677820840062,-3.675746135055091
2.7699160233647624,-2.548156212646608,-3.747785963595577
2.7995425646803116,-2.541943510621422,-4.016067790463495
2.8019666273518893,-2.5269564268794134,-4.13248812238115
2.7952161618962155,-2.513725682331927,-4.170500261613795
2.7568763935587457,-2.5117303386086243,-3.9543648898972212
2.7462543355634517,-2.4767641338419484,-4.11346051351148
2.767104722814713,-2.5024352131927925,-4.102677091609912
2.741600869795497,-2.4903497500853744,-3.98033531754653
2.6873947448784814,-2.4160262740870704,-4.06158823713305
2.787982085160043,-2.527146425979337,-4.098835955785302
2.7678862924339778,-2.4762093614402985,-4.293038641379957
2.6919365193535074,-2.3937011120215868,-4.25514782571971
2.644674552242768,-2.3486510279970885,-4.2198985253008
2.528463312583964,-2.251741272186624,-4.053543563600669
2.549558693420749,-2.2803221187807803,-4.056834351610958
2.5379820609911303,-2.2555098049625943,-4.136908394366814
2.5819463459753442,-2.2828083393732,-4.2455608947282055
2.619613051048142,-2.2981893169930174,-4.419195506145066
2.5613999254593534,-2.2454844622922465,-4.316220159232011
2.616179699641739,-2.3172676657056255,-4.257436107763682
2.6226762203098404,-2.3213755894837598,-4.28137615840128
2.6067429043219494,-2.2986407424949253,-4.344003234677214
2.641414689159979,-2.367752764140046,-4.189399247179372
2.6938086966511876,-2.416432561991822,-4.2733533660903165
2.6070007821093593,-2.3413756390143092,-4.094961508332706
2.6325771567966205,-2.375839888649327,-4.0608605645483244
2.640735135759522,-2.4003534206359483,-3.95511078013517
2.5978012472978453,-2.3440189094249058,-4.001704015060917
2.6300112662126307,-2.344209974101995,-4.18885277487816
2.5248193490169806,-2.2332976461088268,-4.1289929660693385
2.5602829175328177,-2.26174524151822,-4.233670228992391
2.53986618592777,-2.2527491560019195,-4.1716015535553295
2.532202299799951,-2.2479593188973825,-4.22420866296194
2.6136695945823205,-2.3055565005490792,-4.400485011671988
2.6123428949512726,-2.3025056161230872,-4.443621254312155
2.657577713076119,-2.35416456503132,-4.497280024628547
2.702308495848712,-2.408237195212699,-4.562396548888579
2.658859015077357,-2.3699575041892826,-4.551224188535978
2.6904210732611658,-2.395751103548852,-4.529082197282702
2.6504702316052096,-2.351911153673479,-4.37411203918292
2.678419101176437,-2.3584719736296305,-4.555079637674895
2.656816941780319,-2.336822738805204,-4.531527730545408
2.676201350088308,-2.3642457972225834,-4.496544688827382
2.699063042076727,-2.3761287454099973,-4.598848455045902
2.7044725409002233,-2.3781213520105093,-4.628806028760381
2.6920961374231664,-2.362936401665489,-4.634832385681265
2.682920977174678,-2.3578437363970957,-4.604170634863753
2.679872561108045,-2.348166961898548,-4.655433434341695
2.703042677479009,-2.362967172737212,-4.707273744606035
2.665336466286466,-2.3324267529572404,-4.623452627741268
2.6965868819209176,-2.3522354904191065,-4.746393183690472
2.597743611124622,-2.262781486290192,-4.6525299096020944
2.639336840606824,-2.3103897023970084,-4.6562914296947655
2.685924760713626,-2.3461050048964434,-4.849067312859252
2.6128591970018653,-2.303925412731405,-4.657206870712607
2.611572889351928,-2.3071517296720376,-4.632242417507466
2.638763567330403,-2.329624491804707,-4.695399585106072
2.6304113690742152,-2.309899508806937,-4.741600371531953
2.6170681577527475,-2.2833842743704107,-4.746165316694201
2.5772077106274,-2.259190091790148,-4.608425720659529
2.5412664741988436,-2.22765203097476,-4.5621869364872705
2.6015913950712135,-2.2829713495755564,-4.623352674094134
2.6536940392237005,-2.3546496033889386,-4.632934190334704
2.657363720754994,-2.38139992746295,-4.621262150136025
2.558167151370869,-2.2666790994366743,-4.547726048301634
2.5721802084204626,-2.283207592625381,-4.586183672277363
2.5666830732989054,-2.278183233764207,-4.617147556777226
2.5564205590339495,-2.282005838327325,-4.669435024188105
2.5608267095961583,-2.2823972564522745,-4.702474778827994
2.485684608030156,-2.198661180824101,-4.557896586117954
2.4175057685885215,-2.165592428696981,-4.341781247487338
2.2893290190583833,-2.0695293633384035,-3.9910386432448908
2.26830396031819,-2.0487397743821747,-3.982397418981284
2.2408026215426404,-2.0026292041550784,-4.066341585109197
2.3068199910941996,-2.0480203207600565,-4.340889303700156
2.240046335060142,-1.9815949823081285,-4.280897950702835
2.1392535761988185,-1.9218877568738715,-4.149223933396115
2.0610645781320756,-1.8549302811818396,-4.000251790059735
2.0289182716567336,-1.8058909626949282,-3.9695664285533505
1.901037064996398,-1.6716338062523406,-3.840498503164743
1.822499104991964,-1.5998095641910208,-3.739083044232701
2.1953383934761286,-1.923120519114344,-4.458041048875342
2.1076010702189847,-1.8186520064532896,-4.283556065410263
2.1002160856559593,-1.8390785692143203,-4.0477483326828185
2.301233460354706,-2.0545717271661066,-4.192683542763905
2.2809205046502785,-2.0201711235963615,-4.269088649110301
2.282078693146325,-1.9973389984509473,-4.471199979134672
2.297193174723298,-2.014407055579147,-4.441705564260474
2.3476686118689614,-2.0892652804055127,-4.399494075566288
2.12803251739534,-1.8520341349829625,-4.215259175326088
2.192509143457242,-1.9195339361436528,-4.184069523388193
2.178373683621944,-1.8986263289767533,-4.207848910180536
2.1859822280655314,-1.9111931032059482,-4.246447630731533
2.0687647822569444,-1.7996749603120796,-4.101286065077746
2.1094397541291876,-1.8570713192166532,-4.207587988669883
2.172144891369442,-1.932288512652826,-4.083501568784893
2.245891145639781,-2.0211471987408887,-4.034587480323428
2.2333946782729726,-2.0153274710369256,-4.079514194213564
2.302346242951692,-2.073029283331797,-4.1696759007402555
2.310908326311887,-2.0567443454510763,-4.337244985532436
2.4038653700026567,-2.170280135839842,-4.319936948856773
2.3470419694345326,-2.1376705192099923,-4.054745301838411
2.2797660674283287,-2.033873596255687,-4.1798095052679765
2.295977191510114,-2.0786927816732192,-4.061961007878184
2.292173768678876,-2.073431636454156,-3.9867625477154793
2.281562180336346,-2.0470107638697157,-4.150949272203622
2.290369690678813,-2.0396367907952713,-4.217371509779503
2.2227763748498557,-1.976346630218409,-4.128723292320686
2.2311420413737744,-1.9861522652708228,-4.144108910673955
2.274298811383531,-2.0315554264901152,-4.192282611334205
2.2518375625932867,-1.9989584186759721,-4.25482826502554
2.214394620260512,-1.9445730756494948,-4.2754777887680895
2.2450099675173534,-1.983865267454183,-4.264670375289319
2.2211651306183318,-1.9550565560525732,-4.297518050353492
2.2724270647998397,-1.9873883546834539,-4.503245057630465
2.222811153024295,-1.9238095603845766,-4.473290024057908
2.202261444459932,-1.906077293413908,-4.455178523258039
2.1835888315856873,-1.895479555441632,-4.402249221087343
2.1543533980446816,-1.8798161390024433,-4.290951487966887
2.1561447874177313,-1.8848874110023763,-4.286160417242268
2.156484837585313,-1.880202888113737,-4.32991567843554
2.1738017874710533,-1.8917950932991752,-4.3892230758141135
2.196441527290089,-1.9142038713229268,-4.3833744949292734
2.226521788379409,-1.9399256167446126,-4.47156604158414
2.2218982322058003,-1.9695682073716252,-4.404687514028167
2.18145732526641,-1.92035636093297,-4.356573395197881
2.1964048052689846,-1.9566075063366775,-4.321058687402173
2.1429027835705243,-1.908719714663012,-4.246900948715651
2.0245817125133736,-1.8068774103245266,-4.097956422176747
2.001491223257764,-1.80038112036865,-3.9884878140214775
1.9998285418175898,-1.7935758536458402,-4.006497372903336
1.9124143550763486,-1.7062059094128514,-3.925829104580238
1.981589725610344,-1.768545594508656,-4.090843697026258
1.9172798922929626,-1.6757982366705353,-3.9919325048775387
1.78748754085568,-1.5763787986655478,-4.008899585696928
1.837903313626804,-1.7255453758009096,-4.305159337472146
1.9434321990183727,-1.8279077310098537,-4.395347230588229
1.7855837827212995,-1.7028915382761687,-4.1852278397084826
1.5323936120538721,-1.4769666684871345,-3.8439181530262907
1.2726053580700134,-1.221573629907695,-3.2501018735541263
1.337844695700032,-1.237356428462014,-3.271547908913295
0.9140011990898301,-0.8450800778656431,-2.678988321723382
1.0146510395562283,-0.9434071561974896,-2.8876895799935323
0.8743957138097052,-0.8394215214737488,-2.486322344258482
0.8462839908227233,-0.8830815036445784,-2.365510374033132
0.809555654553624,-0.8333867525345158,-2.350952427667765
0.7737905208773138,-0.841397655778924,-2.3044553597434287
0.7084862825106792,-0.8209044136698779,-1.9260389619530955
0.6128884567086547,-0.7504791746959873,-1.806045691894225
0.7374434644932064,-0.8828620490186139,-2.018562934559492
0.6817383695799022,-0.8265559482402944,-1.8882485452221893
0.6627517595813247,-0.8109209849792297,-1.9005327869278508
0.6797493755678453,-0.8147920668041532,-1.9302883534160562
0.6053034099800855,-0.7422142094947155,-1.9240846622394692
0.5567538957591451,-0.7047590535368649,-1.776400450128718
0.4287125707385013,-0.6357681013789263,-1.6098892515125298
0.3900584079103253,-0.6192231620355132,-1.6714876563743857
0.3937983096814125,-0.6162284879569947,-1.7714674642155337
0.5341467401712369,-0.742067566507546,-1.8824331376929637
0.6259822707174933,-0.8119975236164733,-2.1133034583573114
0.5936687824058563,-0.7282981721915763,-1.9435239342319641
0.7170183816200402,-0.8140969421684932,-1.9458417589172317
0.663629681333624,-0.7551959687122387,-1.8686994904623986
0.6596120744744495,-0.7645599099227111,-1.794685470879718
0.6674973276071707,-0.7540644027398259,-1.8107041288465264
0.8820396107644526,-0.9856138097183186,-2.090737157983661
0.9313763128000772,-1.048437832464421,-2.1885349159865832
0.9979169781521376,-1.1541264155463062,-2.360451494917152
0.8606469672559071,-0.9741453931968544,-2.1596812764610265
0.8587355156721403,-1.0413336257733399,-2.248605118056405
0.9182235281325385,-1.1120957531938944,-2.23524616819135
0.9103767052209717,-1.1273831916698744,-2.1453830470760957
0.8852967531102339,-1.079294505334731,-2.092571215592216
0.9029412085318953,-1.106123246110241,-2.0720000193759893
0.8590793727400875,-1.0731841778855997,-2.036080234369105
0.9008514772232451,-1.1294788613252187,-1.9479134792015782
0.9703281598804077,-1.2373932594500987,-1.7146495122111143
0.9584325533850904,-1.1660851429424797,-1.7370906412196248
0.9716788200502255,-1.19590121304361,-1.7814282526484337
1.1235679737560098,-1.3443523481450876,-2.0707442637349
1.057220412360004,-1.3182026408500322,-1.7721608420639763
1.0727956198766428,-1.327791059938085,-1.8476150089787025
1.1293528507260742,-1.3496877999337735,-2.096523534124664
1.1667951206540514,-1.4081761619387572,-2.1442893530653775
1.1682630673269965,-1.4001114832878736,-2.16409051085817
1.2672246944643077,-1.5116417841258392,-2.315029948287518
1.2895072309942448,-1.48920937698818,-2.3370942012301863
1.3301084813268924,-1.5516672401416105,-2.333963542131281
1.3006271485484175,-1.491069849586604,-2.3331621538779412
1.3941329022656854,-1.554367501903412,-2.5428868748369724
1.324605400594102,-1.4732444691466964,-2.563600405983119
1.3385469473149492,-1.5257474583351462,-2.616635635916046
1.3753115192545626,-1.6061838966392612,-2.5618308259836966
1.3339707812380013,-1.569102762747414,-2.4943712737521206
1.310786317054753,-1.5180487261293862,-2.5345522412595
1.3111646442637421,-1.4456072329024683,-2.5674221508788793
1.310436190801278,-1.3788690019953034,-2.7457371163181152
1.2407567188914062,-1.2927528646962072,-2.7759483644413
1.2344887961929238,-1.282932380450483,-2.777729369784922
1.2609430424927182,-1.2917436801179387,-2.8252949066756536
1.2766922606370208,-1.3134855281334745,-2.8331220167628497
1.33752672284985,-1.3405202732438475,-2.885956075124746
1.2693370545991158,-1.2772177440104255,-2.743868847929396
1.2735128042927077,-1.2711787369372693,-2.7795604315087687
1.2945479590025857,-1.2757082718480652,-2.8293586744907806
1.2712345835193632,-1.2241924600168383,-2.790502255142619
1.2521767354336766,-1.2145829160218624,-2.7031200709839127
1.2371658892639816,-1.1882899360442916,-2.684535040187054
1.2964525184404407,-1.2493472808298716,-2.6970186221174197
1.3360955077711651,-1.2725088520837662,-2.7103502058168827
1.3105592686987348,-1.2580295996739967,-2.701962976750126
1.3115571503659886,-1.2603207886070744,-2.7345774954768944
1.3101517494473875,-1.2655050535110686,-2.7192560616317856
1.30612564657528,-1.25228254830259,-2.730636232794287
1.2970350498861238,-1.2433249314443766,-2.752132478685717
1.3137189651528332,-1.2524062265035993,-2.8726084545727226
1.3074340870912315,-1.250034182357201,-2.9761815207913647
1.3108288797364893,-1.2539022762940986,-3.033428391044201
1.2989496854818985,-1.2459653856335615,-3.073820326283654
1.3115460315004566,-1.2666273910882768,-2.9824535587864416
1.292796097986225,-1.2498004753756446,-2.899558709752644
1.3337980833339287,-1.2962120879617138,-2.825740873132648
1.3603952278431124,-1.3277953682719361,-2.8931827035495346
1.3464824053310094,-1.326631012278045,-2.837048598096504
1.3659353656999842,-1.3544875879261733,-2.823938498828819
1.347854774907741,-1.345487830471694,-2.788922982168983
1.325951880802933,-1.3337442425323724,-2.7664617741108577
1.2970410445894551,-1.3236385012398209,-2.764859371230874
1.3103289875182906,-1.3359393542623081,-2.8189082390483162
1.318328199692202,-1.3321922254596914,-2.869604721851103
1.3221091737653012,-1.2997929121662908,-2.9166739538193522
1.3006189282148146,-1.2767549223399008,-2.863208507391521
1.2760410566678517,-1.2511477225980736,-2.8026834662278897
1.2736283241234578,-1.2602996515357092,-2.7513482670777014
1.2567666510835416,-1.2269427575959577,-2.7267063168826318
1.2645092536231843,-1.2434041948125334,-2.7146711734543696
1.2778221681240607,-1.2564586490453817,-2.6743730981902987
1.272564040865358,-1.2515674783003992,-2.625394851893637
1.244285443915629,-1.220136903532963,-2.575675574659825
1.2452118108205241,-1.2345100113762228,-2.522932963677489
1.2449022288778235,-1.2456928313981261,-2.5555719068877547
1.2252731131203913,-1.2240503728942655,-2.5804632969350276
1.1964971504747042,-1.1979897450586041,-2.553978279383472
1.194458300540385,-1.2012501752268208,-2.490186880783948
1.1811373451066371,-1.186183788705526,-2.528296429834667
1.188916994628342,-1.167884511502262,-2.6062572180005703
1.1693523581718928,-1.1595404673199843,-2.6195352969313985
1.1517969318320886,-1.1281042975828954,-2.527096306499013
1.1608470319267037,-1.1455246551510112,-2.535181595266188
1.1066430600056039,-1.1196041705014688,-2.4066670294120196
1.1365221935295349,-1.1320625370254909,-2.367146259122363
1.157156834008187,-1.1538587973364105,-2.4223845447477514
1.136446029506608,-1.1237487332534901,-2.441099153100675
1.1515271930395559,-1.1387268604958887,-2.474724365950654
1.1877635286383315,-1.1704077909297386,-2.5061482050261397
1.160059531103638,-1.142765504856882,-2.5075611134617763
1.1391250891538287,-1.1333958764031364,-2.4438607759781013
1.1239550909569047,-1.1031465937832676,-2.4030452088716983
1.1241408292048447,-1.1173186304283382,-2.426864527205905
1.1204759161812416,-1.1021368277880859,-2.4549242502022515
1.13168580138564,-1.1047584398408705,-2.486999771144133
1.0885135661037302,-1.0613760905007197,-2.4245196290553124
1.0842706306055638,-1.061870662290926,-2.3947008801551743
1.077980577167761,-1.0617194775873269,-2.3771568521721895
1.245052206148281,-1.205374320566415,-2.604341976396727
1.287771974020277,-1.2512266701626158,-2.5889832915458295
1.2670426413889417,-1.2356395559153508,-2.56245482398224
1.2958389494189793,-1.274178564909749,-2.647674577101202
1.2861408571575244,-1.2459902122132152,-2.6449458188142794
1.2988724019128148,-1.2591705632423804,-2.647743244602019
1.2798973323350147,-1.2473484601948406,-2.6009462845245306
1.2802735676711023,-1.2501146649119839,-2.592705633683609
1.3397815713902412,-1.304399557151611,-2.654535468944636
1.3607957044469188,-1.3408106522658658,-2.6833652954377034
1.4013400709934627,-1.3868607232202528,-2.7301184900771633
1.3877627335542608,-1.3795273414956366,-2.7118978759654775
1.4075141386545267,-1.4005332681110136,-2.7573942439570813
1.3550620856842566,-1.3519630384924444,-2.7696023558487166
1.3829514238513385,-1.3701864135994206,-2.803293987736313
1.3962377580108918,-1.391916930038569,-2.839885521046618
1.3562631156349456,-1.3532410758025841,-2.8190559923149068
1.31742028666124,-1.3169534406506456,-2.774442853989374
1.2967223530101706,-1.2733745553386435,-2.7741397089674464
1.3172706597444246,-1.2940325161963904,-2.934074864105499
1.287954282838616,-1.2785469561614708,-2.9425998603843118
1.2325440921394781,-1.2079622471341915,-2.849864380239401
1.1823364163032115,-1.130743794961435,-2.8702855597202954
1.127001682991751,-1.0956982214024282,-2.869639965204364
1.1517601573839549,-1.1005241030613615,-2.833968611828555
1.1445870268329899,-1.1270162252034992,-2.7927139658839906
1.0965124447224313,-1.1024666257547162,-2.6881500438004573
1.0133577707976138,-1.0277802625343888,-2.5692817189174084
0.9999578516737162,-1.008950661047032,-2.5276658674628396
1.018019578332592,-1.0349136781493224,-2.5489949326078514
0.9982783021644378,-1.021483094187368,-2.5234609763897957
1.0411239203574305,-1.025593714181901,-2.558571076567339
0.9905952767547421,-0.9501456594959216,-2.547715038501053
0.9874619016745856,-0.9646545421249365,-2.5503070530302225
0.9312887271227153,-0.9353044043663319,-2.4948012034957943
0.90435734681571,-0.8972053298479108,-2.4946948537357274
0.9313229306176349,-0.9135448997079295,-2.39616976169883
0.8957991457601839,-0.8976044560275602,-2.341236750524033
0.9535117750604317,-0.9548163092884607,-2.359852275622597
0.9187454247583056,-0.9077047884540489,-2.3674751995659813
0.9210564771996396,-0.9078631016857448,-2.3851348892407613
0.9022940067854097,-0.8912698288773411,-2.341050707149877
0.8821848363687832,-0.881649010120333,-2.2858069638243594
0.8439306015283156,-0.842397529924069,-2.2424330632116534
0.8004431490803132,-0.7872680805258927,-2.2597960049725314
0.7500768682107883,-0.7514272270293144,-2.2239413685000335
0.7098380763967702,-0.7188797653297704,-2.166065302146589
0.6519292476164864,-0.7052612565491568,-2.1239736810398626
0.6993456070979817,-0.7218257298439256,-2.2062257502456517
0.6606390707585603,-0.6789061298638267,-2.1686918846677483
0.7096723484740175,-0.725175694779032,-2.1043371982363475
0.6951388811186204,-0.7236016239888772,-2.119053075803011
0.679162402765126,-0.7069075695716218,-2.1388845413744653
0.6344316759129172,-0.6528729376187449,-2.1141796933703643
0.518801810775505,-0.555290814282769,-2.0949657782412747
0.4877930743015483,-0.5482719979978458,-2.0546436257794105
0.5240703714578924,-0.6180391028016249,-2.0868700903512374
0.4488006271459539,-0.5387531294957023,-2.0399814457852155
0.536954618773725,-0.636579798418769,-2.118220639912939
0.6624569670137892,-0.7435309002647454,-2.086985459484449
0.6942462760820723,-0.8035268561718167,-2.337857659101344
0.6880270784360456,-0.7999123341971777,-2.4506266008778166
0.7214217259761654,-0.8374432964337214,-2.5071195887841697
0.750546891294926,-0.85452196766844,-2.4211182926181434
0.7543680224584949,-0.8170373501953974,-2.350182929114729
0.748956224205494,-0.7945756439909167,-2.334000899970199
0.673358865358336,-0.7281613327856333,-2.299564644791014
0.7796241371999314,-0.8031842077039628,-2.108889396919511
0.7769094289884847,-0.8302006905393665,-2.1001255943537607
0.7343339026618984,-0.7758404458272316,-2.0384044111299318
0.6910519881567374,-0.6971062763478606,-2.0039921456495406
0.7103114970823888,-0.7270259502754727,-1.8287786199369884
0.6806416729662677,-0.7013751990767898,-1.71908305054349
0.6850937003869101,-0.7082247422450143,-1.5772976876261189
0.6868417755378811,-0.7056998648249992,-1.6660178248384592
0.667015868696307,-0.6830934007465403,-1.6717260700233043
0.6868269966621803,-0.6934118655825223,-1.6709219917665081
0.7187478265215717,-0.7377597564369123,-1.7164182407285449
0.6606171943465575,-0.6803327241937885,-1.6878369025881768
0.6339622701193877,-0.6395491542158545,-1.798084532153671
0.6569676653231352,-0.6888809772623633,-1.7524383652530529
0.6549405347576222,-0.688214276756445,-1.700062738581841
0.6038515091994072,-0.635831935993703,-1.7175880561273622
0.5795136067995363,-0.6407774063637871,-1.9801476526979225
0.6643241228275362,-0.752541377853221,-2.257929026883496
0.6771567646643541,-0.7881326339973163,-1.7961262342762283
0.6738791217280325,-0.880241697920349,-1.1313716367022217
0.6792123800132219,-0.7920698491181796,-1.4930675672824245
0.6759101261599824,-0.6993425005581744,-1.7273714895125842
0.7654032607057892,-0.8285661206421389,-1.8477593194168402
0.8258153126426178,-0.8610170284555172,-1.924074774746705
0.7473536332508084,-0.8039854013184455,-1.9061256303180842
0.7547334721599875,-0.8113740695637057,-1.8979830604595571
0.7839312323064643,-0.8437583792796948,-1.8754027079573343
0.8081542212105474,-0.864681471591691,-1.9009808530756933
0.7817190316774125,-0.8563739988531397,-1.8825360967778406
0.8205962334785166,-0.8600385486357099,-1.9128749669252938
0.8642860590228953,-0.9319573656806431,-1.7955533140708018
0.8604599632145741,-0.9116555461379581,-1.947509816948818
0.8989487729513215,-0.9364730529651295,-2.037265319429619
0.9153229635511154,-0.9653366380587086,-2.0895147638161076
0.9519476996256869,-1.0113310311863637,-2.104826312944991
0.9262442815177637,-0.9691256808827098,-2.1272882829180095
0.955853798839716,-0.9827386861060927,-2.2478924230009545
0.9469360817370206,-0.9628972620101724,-2.2578945168602607
0.8774688999785537,-0.8969885397291671,-2.1236741738908695
0.8801193863121497,-0.8851404325028605,-2.1065888035803693
0.9483244780159122,-0.9447674707013864,-2.0635616519599767
0.9548158863522063,-0.9403461445054474,-2.155432751299165
0.9405166339499368,-0.9513686307680279,-1.994418756631919
0.9396758203970274,-0.9455950547457613,-2.0768003314045638
0.8993297100297919,-0.9091534428264121,-2.053499919990014
0.909749316862055,-0.9200632050038965,-2.118404624181664
0.9245385570998986,-0.9407522215457239,-2.1582612267386807
0.9264233736465141,-0.9245091066489203,-2.1820457983580397
0.9504771407131631,-0.9465704043121641,-2.173923269682507
0.9459296614500324,-0.9397272830263192,-2.225571320372922
0.9551319123149571,-0.9537899871997813,-2.1529438379827726
0.9559869412991855,-0.9590157536408099,-2.155704407248765
0.9414520242420515,-0.9386463241988459,-2.2211443400834634
0.9826947211064516,-0.9831133375750728,-2.27655564779021
0.936673227980756,-0.9443516839721559,-2.2153428900192385
0.9508637989804034,-0.9459355628929349,-2.1977650322883315
0.9670113885417002,-0.9550182694387114,-2.224581591422918
0.9165862089568173,-0.8988382645413306,-2.1848664677305845
0.9357665736733886,-0.9117204515998825,-2.2259028117467414
0.9536580929225558,-0.9319211562077396,-2.229485768459153
0.9545102562710285,-0.9247896859339436,-2.229629696177205
0.9833416936669941,-0.9500116328333434,-2.2462239930049397
0.990011461117415,-0.9714129037797679,-2.2719894436233607
1.0240709767750753,-1.008738032773665,-2.3272933215465237
1.0277996741321107,-0.9934508664448214,-2.334969349635239
1.0124393186235736,-0.9932821190833795,-2.25198948096976
1.0364835364106826,-1.0211138519833782,-2.284453394677296
1.0382540554612052,-1.038957000663514,-2.1330497261201025
1.1188404995750265,-1.132472018680582,-2.0908006385164764
1.0328052391262759,-1.0399918651239979,-2.162704474928573
1.0288088340566848,-1.0392664547994468,-2.094742944104079
1.031181476398883,-1.036252385906627,-2.0864471632618535
0.9984403622526599,-0.9842010849854349,-2.145168631699661
1.0372905600052833,-1.0390243993339123,-2.1085070182081895
1.0122075706590623,-1.017131089075588,-2.0990033708120515
0.9721677329985716,-0.9841385965847055,-2.0458871221985975
0.9592380778497711,-0.9694434104943719,-2.0764569825468127
0.9791527924149837,-0.9768771974577966,-2.064273639794014
0.9841578325730589,-0.9831588174847188,-2.101439520092226
0.9632715684281494,-0.9743736146300835,-2.025922109154511
0.9896472769793855,-0.9904714557139597,-2.086593716067915
0.9957433400886521,-1.0005184704329428,-2.098064156546693
1.0157088537132213,-1.013149471976009,-2.13914889145764
0.979463067206535,-0.9499715795797241,-2.255595884951398
0.9966695220358474,-0.9774750546969986,-2.2185950839963033
1.0008056074586305,-0.9756219639946777,-2.2408458963545694
1.0085910383806906,-0.961192733206722,-2.340377297204221
1.0200976525826018,-0.9611652061780702,-2.4583879592703837
0.9789388509507825,-0.9282231884872534,-2.4039447958741946
0.9921339199826037,-0.9525593478815038,-2.4458767453679293
0.9681397565265394,-0.9299952871239086,-2.376865915478958
0.9604371214208596,-0.9305506401437779,-2.3509814176786863
0.9674419846992749,-0.9412405350133392,-2.31662614822921
0.971336489109056,-0.9450058993893421,-2.378655010642288
0.9809911512274914,-0.9614754493693383,-2.317162445700564
0.948521691260679,-0.9235834218046832,-2.213804407444273
0.9717657881214953,-0.9444060970605718,-2.2240079443835468
0.9831803252817999,-0.9601466767727607,-2.2224974983072654
1.0018722907247506,-0.9887885406941128,-2.2139249149996765
0.9732539085253431,-0.9604613106870953,-2.1396737905033616
0.9988138233379426,-0.9858487136280185,-2.1204320805760664
1.0062765755995429,-0.9948111332176229,-2.15874613260098
1.0550209319367343,-1.0409271584236695,-2.214814626139814
0.9970294904119339,-0.9805167775267959,-2.1027660187288397
0.9929859821876799,-0.9606270274330049,-2.2338461927926656
1.0367020654064212,-1.010030884811898,-2.2828260489954766
1.0204250767274148,-1.021792760036506,-2.2223243322796686
1.0374868415463285,-1.0423991105383867,-2.2487749651387556
1.0357665842162942,-0.9986726766210821,-2.3874102894373106
1.0265108368690359,-0.982426790871824,-2.3612938054744386
1.029605430501088,-0.9723380763813074,-2.432858583858252
1.0445790386332365,-0.9819230329186525,-2.389796796789956
1.048982213450235,-0.9833660157230374,-2.342366442810915
1.060013686344521,-1.0343476452579243,-2.1635581907049395
1.0735646845489466,-1.0688077187643084,-2.0886505057669837
1.0521414611973272,-1.0417700482982097,-2.0881313563488497
1.108961241002538,-1.070629127202076,-2.1603910459814277
1.1749537061552482,-1.1456514567249547,-2.161840261860284
1.2641922866912354,-1.2370175807925456,-2.2374203433628552
1.3464129793625057,-1.2920139244828412,-2.4056449728377065
1.3337165808473996,-1.2735124003963618,-2.4648192161242513
1.2712542709715704,-1.2030335790168794,-2.541357807237373
1.2977840253288426,-1.2323271958643045,-2.494448267980837
1.299594961569965,-1.231239567217086,-2.403111171361351
1.381684417059325,-1.3307901656134327,-2.395662280160182
1.3488233339788833,-1.309222806830826,-2.377537880532131
1.4254558758659766,-1.4159870357213524,-2.4293822470458837
1.3676453795815948,-1.3682792863667979,-2.2783845147288586
1.4674711554148783,-1.4585315650510196,-2.3746872118097215
1.4239970178479466,-1.3943174637418858,-2.472174574813587
1.4584851647530654,-1.4308442776831585,-2.414796066242267
1.4465957042998225,-1.43178121963786,-2.4496826987310247
1.449601877384993,-1.4311060628646475,-2.5113152783644974
1.462951635990585,-1.4333198762583967,-2.5960778662698973
1.5132919069888933,-1.4681212237903778,-2.6876683862294755
1.5758345190854164,-1.539449773529058,-2.711362770365695
1.6865576889000484,-1.6945836661448004,-2.660127083400922
1.8078801129194488,-1.817108597204665,-3.013075888083206
1.7609572403266296,-1.7290474269508016,-3.022589534350998
1.8688713199685376,-1.8292412395005748,-3.2934458390510715
1.8208135666579834,-1.7980504980029985,-3.195063412457078
1.8382399526260418,-1.8217000434639192,-3.324889432260886
1.812188368771587,-1.764991768847839,-3.5030776650836133
1.7668146424731752,-1.7151601309845865,-3.500441903320341
1.6738280795263611,-1.6445226162829822,-3.1840464336083056
1.6352264115581232,-1.6105905352588574,-3.0436690429711755
1.725613062405921,-1.721045240164708,-3.018976223890244
1.8471091210915451,-1.847144472377842,-3.1371808810949355
1.9410325095492298,-1.930502356189781,-3.3232346940338098
1.906519643854092,-1.9351119824181329,-3.1729508576557577
1.9268568911763104,-1.9235903490265407,-3.2566168053163427
2.0376098953775723,-2.0047048406807733,-3.416505881596006
1.9797266969312377,-1.9675914678185868,-3.369164678006191
2.125813247892126,-2.096836473316946,-3.5757273842432906
2.3445287786570628,-2.2668487606896828,-3.9075239564809316
2.165281229271082,-2.0997632128511037,-3.7783268378101256
2.2765526072412694,-2.187617910435524,-3.9113451640985044
2.1624399794397298,-2.060233575571052,-3.9595489526440373
2.131004695554143,-2.0247195717368474,-3.872264592364755
2.200240233740677,-2.104595761945062,-3.8741120521374555
2.2106601617942685,-2.091888499315273,-3.885500285538964
2.1005762578899603,-2.006221500801053,-3.657484672784661
2.1942591368133444,-2.1073813400471577,-3.724788535463146
2.1760688286746506,-2.122961541165304,-3.224117376633993
2.2732577764177386,-2.1593869164541335,-3.2056082402547648
2.2851024956193204,-2.1880663053230722,-3.254896070311184
2.330100834179159,-2.2702773606930746,-3.0353810359463322
2.343320791177876,-2.2576022410171626,-3.556560751718109
2.411920867924363,-2.3384086864218743,-3.627932106932893
2.315210730707047,-2.271170331688454,-3.4847674458941533
2.31085452594796,-2.3243863329374554,-3.230230960601527
2.244365446753205,-2.302773234077575,-3.004247866034634
2.153162537630591,-2.214631802792383,-2.768322593314869
2.0665401101576264,-2.09587014900754,-2.6951151919474525
2.0944671738361484,-2.105444429969552,-2.927846052270527
2.0248577561182963,-2.014979862340264,-3.3625960566524515
2.077841967692427,-2.0500366566800685,-3.5956664530273637
1.9252871733425847,-1.9156528481299189,-3.1290829680900405
